Account,count
relentless084,84
fitplusllc,70
wchazz,63
QRoberts747,56
KeynesJohnny,56
microdosinghgh,56
Pault040264,49
Tiffyy227,49
snpcraft,49
nick_krontiris,42
GeoffDHamby,42
PenniReichenbac,35
Hhealthteas,35
LOVELIKEREDWINE,35
ImperaFit,28
mwal1ssa,28
T_HamiltonPT,28
officialdoublea,28
maddiehenry16,28
92_lane,28
justino_fit,28
JefferyNutr,28
tsmsinglelift,21
lascuerpasdelmo,21
karra_de,21
rrsjobs,21
2ndImpactInc,21
Nathan_Poling,21
msjennaay,21
nikikrastev0,21
hertattedself,21
lauragibby1974,21
kavitamarwah1,14
clubXmiami,14
twagner414,14
SurvivalnCross,14
XCEL_PT,14
breatheriveroak,14
MoviestarGodiva,14
iLoveToKickBox,14
didijacobina,14
FredSauer,14
TaniaAdmans,14
FitTheTrends,14
TopCoachList,14
invotech,14
SixPackIndia,14
CaraghEvansPT,14
MuscleXp,14
RichieDragan,14
ReachUncharted,14
SabsJovi,14
islesofjane,14
akadolce,14
Miller38Sm,14
joesjourney2fit,14
DavidKilkie,14
MarkKeerati,14
JAMIEWOODPT,14
Phakaphon,14
StudiosatPBF,14
Kath4te,14
HarriganKevin,14
ehehealth,14
kallyone,14
jgoody97,14
stelordbone,14
dude1bry,14
Daddie_Sy,14
Just_Cool_Folks,14
TuwanaF,14
rachelcarey84,14
lesmondo_82,14
AMenAllTheTime,14
heroacademycorp,14
RacquelShelby,14
GrandmaTina59,14
redface1981,14
DBfrick,14
ELCAChargers,14
InRedMyLife,14
FITN1854,14
SammyGear,14
brianbee06,14
affirmationsas,7
fitmealsindia,7
spirit5126,7
jakeandrew247,7
debora1302,7
_IRON_SOLDIER_,7
FitSpaceNYC,7
orlandospencer,7
OfficialMMCFIT,7
YourIdealForm,7
ExerciseJobs,7
MarcSchofield,7
SportCenter2017,7
Mr_E_m_W,7
JasonO27,7
Red_Stronger_,7
courtfituk,7
nmaggie_03,7
RonnieA16,7
RoebuckPt,7
DeluxeFuel,7
rissoris,7
CoachEdu3,7
botmachina,7
E3_strength,7
CycleLoan,7
AspenCrossFit,7
zie_ashfit,7
MatthewWPryor,7
ChicBoxing,7
Gwenmarie20,7
coreyscyffore,7
andycook5,7
TourdeSauga,7
Aesthetics_Bot1,7
caliworkoutcom,7
jmccagherty,7
IAmAliciaWarren,7
successcardsco,7
_Thediamondman,7
PJMC2LTD,7
vivinationfit,7
egoramsterdam,7
GarciniaReview,7
_Tuffnupboxing,7
FitMaryam,7
slscarth,7
onealbfit,7
UCSActive,7
Abbersb17,7
NewLifeme_,7
iconclothingfit,7
swingoutsisters,7
jaclay316,7
PTJR5,7
SupraSonicIrish,7
origboxermum,7
Bens_fitjourney,7
edgarribon,7
jmr_buddy,7
optimalsport,7
_geotem_,7
BritHim,7
BLKNRICANLUV,7
JillCaruana11,7
ECRunProject,7
GospelWriter8,7
hyper_swole,7
mikkey_g,7
aly_hazed,7
xcurlytwigx,7
SJQuirk,7
RXdPhotography,7
Manpower_FN,7
TLOBMurray,7
ChiRedButter,7
getfitlivewell,7
Stadiummoms,7
UnchartedRoads,7
Coatsaviator,7
DocLorencio,7
Zerobese,7
So1182O,7
Krazy4CMR,7
ChristinaNicchi,7
DAAKIofficial,7
dixiedaisyann,7
Ngozi749,7
JuanC611,7
f3_flash,7
au4burnKate,7
CapeTown_Dude,7
PainfreeMav,7
grooviebabe,7
JoelTries2Tweet,7
AlMcAlMcAl,7
AzeemBearnard,7
DaveSinclair7,7
djhnsn209,7
NyreesBodies,7
RunEugeneRun,7
n16boilerhouse,7
IbraSFDC,7
trailswesttrad,7
Heronvc,7
DebDendinger,7
SippyCupGames,7
hydratemedical,7
Mrsnaranjo87,7
jodyboots,7
CocoLexDrink,7
carlydbar,7
BC_NYF,7
gooutsidegirl,7
runningman_007,7
Goterdunmom,7
adamdarcy87,7
sekoshisocial,7
27608147007X,7
knight_rider16,7
according2Leesh,7
AkierraMP,7
MMGHouston,7
ShearCamden,7
YrDigitalSpace,7
cep65,7
edprice7,7
NikkiZaffino,7
manderton20,7
MyBikeAdventure,7
TheWheeledThing,7
NutriCoach01,7
swibirultd,7
lindsayfoster34,7
BeckiMorris,7
littlebits373,7
UrbanGreenPac,7
dmv_artisanista,7
Sharisse65,7
KenzieThom333,7
HLsportsmassage,7
MoiraB12,7
irefuse2quit,7
marcharlost,7
OsteoBromley,7
posh1500,7
sunshineherbals,7
ztifhael,7
ASunshineDance,7
ThiagoMAzeredo,7
emubikes,7
lukedotsey,7
omtjmd,7
oxtedladiesrun,7
HeikoAmling,7
NAFlagvisor,7
OryxTranslation,7
Institute4Blind,7
propertybobva,7
emma_lvr,7
iC3h0n3y,7
ASoso,7
GwilliamDarren,7
ShelleyGwilliam,7
BeretaFit,7
loricelovelewis,7
AmbulantPhysio,7
BuckinghamClinc,7
jtkhorgade7,7
marchione_nina,7
YTCR_Races,7
richpalmerpt,7
SaferRoadsLeeds,7
Tigress2Jamaica,7
Thereal_ssteele,7
ecgrim,7
jayethebeard,7
ETMonline,7
SilverSpringJoe,7
_TonyStorm,7
bsmith4748,7
Clarabella590,7
Kingofthebraves,7
FITliveUK,7
MrKomick,7
ThinkTank313,7
livingHIdeas,7
parada_street,7
hlhurst,7
DaveWongUK,7
FITLIFEinCO,7
SamanthaDawn37,7
gabepin5204,7
prishkachu,7
LomeeeWear,7
HamBrew807,7
BizEssenceKe,7
CaribbeanConvo,7
Pryce1ess,7
scotbur,7
Alisha_kateXx,7
FocusMD1,7
annemknight_,7
arojasmq,7
dawn_wiggins,7
eemoller,7
jacobdspangler,7
katyp_20,7
orona75,7
radlfahrn,7
slowrvr,7
mobmedicine,7
CTOTHELOS77,7
Larry_Svenson,7
ellumicsays,7
superpowersteve,7
Lau_Krdenas,7
vinc003,7
DrKenCirkaDMD,7
HoneySammi,7
MrAlgebraNelson,7
PattySFluvsJOEY,7
Wickleweed,7
brittdickson8,7
just_ice_d,7
Be_formless,7
LeahsGutPlan,7
MaxiLease,7
Therentadvisor,7
AngelaAdele,7
BlackBeltBooks,7
HelsMyatt,7
NKYCottage,7
SOGAENT,7
StreamQHQ,7
eriksantos1987,7
hapizekelate,7
hhoward470,7
iamwillmm,7
jacquivanham,7
luvmykitnz,7
rocketgirl3721,7
sandramlarkins,7
t_rey510,7
AudioFetch,7
BarryMaguire,7
CoachHernandez4,7
LadybellBell,7
Victoriajay16,7
5tunnaB,7
ChicGalleria,7
GiantSoton,7
MotusPTNH,7
ReflexionsMF,7
doper9,7
iamrealsushree,7
pacificyoga1,7
420Africa,7
AlwysTalkinShit,7
AsadBalti,7
Bobby_Trill,7
BoukliYamina,7
MohamadAififi,7
VirtuousKween,7
beyondtherut,7
gigihymen,7
jessieaton,7
lettzy23,7
lopezbebreezy,7
maurocarobene,7
rubioblanco,7
Dgetbuckets,7
Antoine12008371,7
CapitaineJan,7
LucyHynes2,7
WarriorLionAli,7
beyondboundarys,7
gen3wig,7
oothewoods3,7
AriFlyy,7
CptYi,7
HarrietAngela,7
MarkRJahnke,7
Sara_Gorman,7
Shadonna_98,7
ShivangiK91,7
StDaveThaTable,7
XtremeMobileAdv,7
Zahwasaleem5,7
bonbon805,7
iamcai07,7
koamanravi,7
lucky_haze,7
max_jerrypd,7
sarahquistmusic,7
velolink,7
yuri_aleksandar,7
CagedGloryFC,7
IamSammy9969,7
Laurenlloyd,7
Nikitsh,7
StormiNormanEnt,7
alv_lyner,7
99percenttrue,7
MummyNatal,7
Ophthal_Therapy,7
BBBHost,7
Diwathala,7
FallonOverboard,7
TreasureCparent,7
UCanBMo,7
d_amaya6,7
ryan_kasic,7
shakthipraveen2,7
thivybala,7
xsammiex86,7
zaksraks,7
HelloParisUK,7
NatalieMukmodel,7
SandyRN76,7
SuperSteveyLes,7
TechHuddle,7
TrentAdmissions,7
VGarmy9,7
kariyaingiri,7
missmermaid22,7
nateblackout,7
12gourmetfoodie,7
AngelicaReni,7
BucksMEH,7
Cannon_FP,7
KryptykConjurer,7
LayzieBone085,7
NbpNigel,7
NikkiFITGlobal,7
RashawLeggs,7
ShubhaLoveUAll,7
U2Guide,7
VeronicaTafoy20,7
acolivas,7
coachsmith352,7
eboduch,7
flipmock,7
mrshakeysmooth,7
mrudulamermaid,7
realbluedoor,7
rrcccCES,7
sandracef2602,7
IsaacMalaks,7
Keats137,7
KingingKingz,7
LelouchDValen,7
Letty69033728,7
Linovbajenting1,7
MichaelRFerrari,7
Mthrfenjones,7
StreetRelays,7
brianvendramin,7
chieftainbbalok,7
ese_jaimeee,7
kthomas2032,7
luisduque18,7
popiaktergg11,7
pulengmotaung88,7
raghuwanshi20,7
Anna_Shetty_,7
DirtyRemix,7
EpsomCricket,7
ExpeditionWise,7
JacquelineSefo7,7
JamieFunnell86,7
JoyJay01,7
KeylaMarquis,7
Krnl75,7
LeonaAWalsh,7
Liane_Rhodes,7
MarksMasterKey,7
MayMunich,7
MiracleMileHD,7
MoiseDoane4,7
MoussetWendy,7
MrCampos71,7
OnlineConestoga,7
SheilaTyus,7
ShopperThink1,7
SkinnyLowDown,7
Stacy4u29,7
Sudhakarszz,7
TonSel_MoRt,7
VeenitaBhajan,7
WillPoole17,7
ZachFootball247,7
_kemalaktay,7
abzeigler,7
alberto_perez30,7
berndog777,7
braidtheladder,7
brainy_indian,7
cryptomaymay,7
curtisegipson,7
didge85,7
domehinrikuse,7
eecastr0,7
gizella_ureta,7
guddusaying,7
hasimam66422022,7
ipridey11,7
iteachguns305,7
kellynngatto,7
laareenaa,7
mario_mesa2,7
maverrikkk,7
nacy_sosa335,7
paoloestrella__,7
priceandvalue,7
LaraKWellness,4
