normal_users,fitness_users
sbwTweet,relentless084
Allisonlmoore,fitplusllc
kristib_t,wchazz
omoawo_,QRoberts747
KelphelpOG,KeynesJohnny
SpectorFaustus,microdosinghgh
modelsehun94,Pault040264
dkaminsky,Tiffyy227
hashvision,snpcraft
MillerJay15,nick_krontiris
justlovemyjulia,GeoffDHamby
spalakovich21,PenniReichenbac
lorrain80405639,Hhealthteas
anshtiwari3002,LOVELIKEREDWINE
cpurrge,ImperaFit
AnheloRen_MY,mwal1ssa
modernwifelife3,T_HamiltonPT
Suge_Avery87,officialdoublea
Manda_96_,maddiehenry16
sarahwinglamau,92_lane
ahumedube,justino_fit
josemercado2124,JefferyNutr
GJSantaAnaTweet,tsmsinglelift
Juan_C_Quijano,lascuerpasdelmo
Mmmagen_,karra_de
sugaryvvibes,rrsjobs
mew_genics,2ndImpactInc
NoidStreet,Nathan_Poling
adamesgraphics,msjennaay
StevePuiszis,nikikrastev0
N_O_stars_twt,hertattedself
parasaMAYWARD,lauragibby1974
Angel45672Angel,kavitamarwah1
TheYelitsa,clubXmiami
molly500,twagner414
jbunnnyy,SurvivalnCross
JenaMilaanii,XCEL_PT
AlexLesha3,breatheriveroak
spacekitten91,MoviestarGodiva
andremartins_br,iLoveToKickBox
MartaIsela,didijacobina
KatieYoung14,FredSauer
ReplaceTheHate,TaniaAdmans
itskelsibyrd,FitTheTrends
ProchniakMark,TopCoachList
VicAvon,invotech
FieryJewels,SixPackIndia
teylorthomas,CaraghEvansPT
gedoho,MuscleXp
neidamacri,RichieDragan
nrfarhnah,ReachUncharted
ptboat67,SabsJovi
mvndust,islesofjane
derek_cyy,akadolce
DanjoClaridad_,Miller38Sm
harrington_tp,joesjourney2fit
rurooster,DavidKilkie
Azxrachin,MarkKeerati
CliffYuen,JAMIEWOODPT
ARMYCLOCK_11AM,Phakaphon
DamagedJade,StudiosatPBF
Iam_whizprince,Kath4te
GLX_BAM97,HarriganKevin
NQm5rSUx2hKJQhP,ehehealth
Spendant,kallyone
jeff_aube,jgoody97
electachristine,stelordbone
nyou1016,dude1bry
louisvdv22,Daddie_Sy
AndreaRelator,Just_Cool_Folks
LittleMoonster7,TuwanaF
SpeakingSavvy,rachelcarey84
MarleneAcorda,lesmondo_82
desikristiani,AMenAllTheTime
lunacrepas2,heroacademycorp
rleksoseh,RacquelShelby
lesceledon23,GrandmaTina59
kabunga_ibrahim,redface1981
_haylie_c,DBfrick
nancyaverett,ELCAChargers
FisherRobin,InRedMyLife
_jybree,FITN1854
suofthecru,SammyGear
TurntJesus666,brianbee06
CarolHoranlm,affirmationsas
PuneetG_21,fitmealsindia
IzzyxDev,spirit5126
ayeitzsyanne_,jakeandrew247
raywebb89,debora1302
DeandaMarysa,_IRON_SOLDIER_
seanbraswell,FitSpaceNYC
amola_2010,orlandospencer
SWI7CH_OFF,OfficialMMCFIT
martinez9920,YourIdealForm
glennonart,ExerciseJobs
hvshah007,MarcSchofield
FRC6171,SportCenter2017
kendalf_stone,Mr_E_m_W
Vixen_N_Vegas,JasonO27
ekkah_n,Red_Stronger_
glamtvsw,courtfituk
Sunny_Boy_75,nmaggie_03
sun_head_JDC,RonnieA16
SouthbayTa2,RoebuckPt
blacknaruto12lo,DeluxeFuel
cremebrulily,rissoris
cdhort,CoachEdu3
MobileMollie,botmachina
elleiraaa,E3_strength
sadboyfernis,CycleLoan
ShakourGh,AspenCrossFit
TheoJTimmermans,zie_ashfit
YlangYlan88,MatthewWPryor
RawaanEssam,ChicBoxing
marla_arce,Gwenmarie20
nyna_berger,coreyscyffore
KellyAKissel,andycook5
ssupjh,TourdeSauga
kylee_kinckner,Aesthetics_Bot1
qadianimuslim,caliworkoutcom
CMiner_SMH,jmccagherty
toribihhh,IAmAliciaWarren
rogelior_,successcardsco
yummynmytummi,_Thediamondman
5280StreetDogs,PJMC2LTD
AmericanNimrod,vivinationfit
Cacareidvernold,egoramsterdam
CindyDee29,GarciniaReview
carmen_lynnn,_Tuffnupboxing
livimesnard,FitMaryam
emily__darlene,slscarth
frioDora,onealbfit
Cuumfy,UCSActive
Galloots,Abbersb17
atljrose,NewLifeme_
t_jedrick,iconclothingfit
AttaBoyJosh96,swingoutsisters
idkimani,jaclay316
D0MP1ECE10,PTJR5
engineerios,SupraSonicIrish
Yo_boy_twiss,origboxermum
gracedelv,Bens_fitjourney
NyxTheGlowFur,edgarribon
AngelicaBrooke3,jmr_buddy
taylapimentel,optimalsport
Kaitlyn_B162,_geotem_
BiancaFlores18,BritHim
jasminsamz24,BLKNRICANLUV
CliffGraydonMLA,JillCaruana11
jiminienugget,ECRunProject
peachlizzy,GospelWriter8
fannnnyluu,hyper_swole
CatHowatson1,mikkey_g
manabananaaaa,aly_hazed
yayooksungjae,xcurlytwigx
YalissaCortes,SJQuirk
tttori9,RXdPhotography
vanillarice09,Manpower_FN
CorreiaDirk,TLOBMurray
AdrianGuadian,ChiRedButter
hary_arya_23,getfitlivewell
fabjulieeee,Stadiummoms
G37xSB,UnchartedRoads
misssally2018,Coatsaviator
jimjimhard,DocLorencio
LTFiction,Zerobese
Suj1t,So1182O
OfficialNTRL,Krazy4CMR
hutselllearn,ChristinaNicchi
AdamMarengo,DAAKIofficial
AndyPearceM8,dixiedaisyann
amxmday,Ngozi749
__kalypso,JuanC611
_prissmendoza,f3_flash
DynxmiteDolans,au4burnKate
Alirezahedayat8,CapeTown_Dude
BrennenTaylr,PainfreeMav
Claudia_Brown,grooviebabe
muhumed_issack,JoelTries2Tweet
austin_hogan11,AlMcAlMcAl
GlnnAnglo,AzeemBearnard
stephanyjpeg,DaveSinclair7
silver120475,djhnsn209
DamasHerve,NyreesBodies
ganesh9638,RunEugeneRun
only1tonid,n16boilerhouse
Spaneele,IbraSFDC
edson_bessa,trailswesttrad
FRAHEADofLS,Heronvc
AKober,DebDendinger
mcangem1,SippyCupGames
Jacket_Hoops,hydratemedical
cMvSEYejcFAWFgR,Mrsnaranjo87
oneluxurybrand,jodyboots
GregToivonen,CocoLexDrink
netthreat,carlydbar
ClassyCapshaw,BC_NYF
_Imnyn,gooutsidegirl
ruben0dario0,runningman_007
bethj423,Goterdunmom
TopNotchWichita,adamdarcy87
RustyShackleman,sekoshisocial
currents_,27608147007X
JustoJennifer,knight_rider16
_Macallie,according2Leesh
markoholjevac,AkierraMP
MoYemee_,MMGHouston
Marilyn50657785,ShearCamden
amelieow,YrDigitalSpace
kiwimarcel,cep65
ItsariiiArianna,edprice7
millennium_crow,NikkiZaffino
XMAOiCT,manderton20
aliyaYgBisu,MyBikeAdventure
Joecar1956,TheWheeledThing
aemanjamel,NutriCoach01
arminkuntz,swibirultd
Jennifer_Manley,lindsayfoster34
sphoorti19,BeckiMorris
hoff_brynn,littlebits373
cree_katherine,UrbanGreenPac
LaylaSuhail,dmv_artisanista
sbuchika,Sharisse65
adrian5point3,KenzieThom333
WoebringerZero,HLsportsmassage
creeperintruder,MoiraB12
NicoleWeeden,irefuse2quit
iamnathan00,marcharlost
AbbyCuller,OsteoBromley
bawstin13,posh1500
RosemaryManners,sunshineherbals
yghjess,ztifhael
DianaEPuma,ASunshineDance
Gonzalez_ale99,ThiagoMAzeredo
corrinepenni,emubikes
gemidzija_aliex,lukedotsey
ExoticBruh,omtjmd
Lewd_Akamatsu,oxtedladiesrun
FalafelRapper,HeikoAmling
janesilvano2,NAFlagvisor
En_V_P,OryxTranslation
excitablenugget,Institute4Blind
Karen_Vargass23,propertybobva
1cWNXtDFUEMZnrk,emma_lvr
xoxo_camille,iC3h0n3y
RoseSchacherer,ASoso
corneahusker,GwilliamDarren
Anygirl99,ShelleyGwilliam
kcdigs7,BeretaFit
KaptainKreep3r,loricelovelewis
Collinsbrandon2,AmbulantPhysio
mbrentharrison,BuckinghamClinc
MeetTheRebels,jtkhorgade7
CancerManReborn,marchione_nina
pamita2104,YTCR_Races
ClkHighBaseball,richpalmerpt
BrOOkiElyNnWin,SaferRoadsLeeds
hishealingpower,Tigress2Jamaica
thirddaysoaps,Thereal_ssteele
TheReal_Bertha,ecgrim
_terpsich0re,jayethebeard
CoachMillerMPLS,ETMonline
YummiSushiSA,SilverSpringJoe
im_veejuu,_TonyStorm
_athe8,bsmith4748
AlluraGaris,Clarabella590
sujuskangin,Kingofthebraves
katrinamystery,FITliveUK
daniel_frank16,MrKomick
WishmakerNL,ThinkTank313
_kassigraves,livingHIdeas
__TheSoulEater,parada_street
anthro_andrew,hlhurst
Jay00005986,DaveWongUK
VRonjp,FITLIFEinCO
cloudysrevenge,SamanthaDawn37
TranslucentKami,gabepin5204
TelegramBerja,prishkachu
edmmobi,LomeeeWear
InsaneForPc,HamBrew807
relaxfordinner,BizEssenceKe
sappnasty,CaribbeanConvo
MargaritaBinnii,Pryce1ess
marriammkhan,scotbur
lunamlind,Alisha_kateXx
gkngc04,FocusMD1
vinayakvkamat,annemknight_
lulinkous,arojasmq
willie_osu,dawn_wiggins
megsyaws34,eemoller
bts_stt_0613_,jacobdspangler
littlelyndseyy,katyp_20
zjmslegend_x,orona75
vintagemara,radlfahrn
CandysFuertes,slowrvr
marilenmonte,mobmedicine
pantone_black,CTOTHELOS77
a_caples,Larry_Svenson
megandrefko,ellumicsays
Ugniarahma,superpowersteve
Lulu_katee,Lau_Krdenas
19_petrova,vinc003
sqxrs,DrKenCirkaDMD
mattfromnl,HoneySammi
aveeugh,MrAlgebraNelson
mujer_rincon,PattySFluvsJOEY
czgarette,Wickleweed
BRIDGEschools,brittdickson8
Lucia34276209,just_ice_d
dhbsa_,Be_formless
BoomerXer61,LeahsGutPlan
nikkothumbsup,MaxiLease
neo_higechan,Therentadvisor
chassyy_,AngelaAdele
JessicaDorothyK,BlackBeltBooks
TodaysMoustache,HelsMyatt
brinakarpenter,NKYCottage
dockrayhall,SOGAENT
kxheart,StreamQHQ
rheannaestrada,eriksantos1987
lovelivingmylyf,hapizekelate
jpm_at_fapn,hhoward470
mayadwiantis92,iamwillmm
steffml_,jacquivanham
420degrswstn,luvmykitnz
Saburgs,rocketgirl3721
Lulu_TwitchTv,sandramlarkins
Got7eventeen,t_rey510
ansuman90,AudioFetch
northroadcreate,BarryMaguire
Magicwolfman,CoachHernandez4
lmorris1908,LadybellBell
hhayilaaa,Victoriajay16
jimcason,5tunnaB
empress3904,ChicGalleria
JurneyKozlowski,GiantSoton
BallingerCarrie,MotusPTNH
sawpjennifer,ReflexionsMF
sharang_,doper9
neon_navi,iamrealsushree
vonnegot,pacificyoga1
The_TacoBradley,420Africa
PlanetEarthGeol,AlwysTalkinShit
meteolr,AsadBalti
thegatekeeper8u,Bobby_Trill
san_dunes,BoukliYamina
JennXPhile,MohamadAififi
DrPep24,VirtuousKween
fr_ngirard,beyondtherut
PanchoL79122929,gigihymen
flowerme1721,jessieaton
mylesbecker,lettzy23
letmebeyourstar,lopezbebreezy
CherokeeAbbey,maurocarobene
smallcapwatch,rubioblanco
Tochnwakz28,Dgetbuckets
HAPPYJIMlN,Antoine12008371
krupafish,CapitaineJan
KadKhamp,LucyHynes2
Fierro__Adrian,WarriorLionAli
colingorrie,beyondboundarys
MattRossAtRoss,gen3wig
miriamtludwig,oothewoods3
TheSamMoussa,AriFlyy
blushpjmns,CptYi
Ronysview,HarrietAngela
TheresaGrace16,MarkRJahnke
emmasee_,Sara_Gorman
Gueraa__xo,Shadonna_98
RumiaL18,ShivangiK91
jaazzy510,StDaveThaTable
kristianarule,XtremeMobileAdv
itsem_ily94,Zahwasaleem5
sapphic_,bonbon805
jackrlake,iamcai07
ShareABasketFou,koamanravi
Pretselresel,lucky_haze
mab_twt,max_jerrypd
__Barrera__,sarahquistmusic
Jbeebiochemist,velolink
goalskii,yuri_aleksandar
GiftOfAntonio,CagedGloryFC
Gbridget_,IamSammy9969
samuellsson6,Laurenlloyd
checcakeyes,Nikitsh
sbm_support,StormiNormanEnt
bluesnow008894,alv_lyner
BracedLife,99percenttrue
66nmotion,MummyNatal
CoachChait,Ophthal_Therapy
salahzehamri,BBBHost
Romero117,Diwathala
rjbrewer05,FallonOverboard
hanedafz,TreasureCparent
tolstoyreader,UCanBMo
UOENO_KERNS,d_amaya6
bekarbk,ryan_kasic
moose4774,shakthipraveen2
coffeyyyyy,thivybala
Zachary33223019,xsammiex86
yvvduaarte,zaksraks
Mennaelzohairy_,HelloParisUK
HeyChelseaTroy,NatalieMukmodel
justrough33,SandyRN76
estrellaibccsc1,SuperSteveyLes
DaisyVelarde3,TechHuddle
brooker_steph,TrentAdmissions
uniqueANGELIN,VGarmy9
EpicTakeDubs,kariyaingiri
JasroopM,missmermaid22
HGI4CY,nateblackout
mksharma4269,12gourmetfoodie
raissafrd,AngelicaReni
sivadasn,BucksMEH
leap404,Cannon_FP
broaddayjay___,KryptykConjurer
Frxnchx_Park95,LayzieBone085
Jenyshadow9386,NbpNigel
kingdanieeel,NikkiFITGlobal
Baby71cakes,RashawLeggs
SafwanYP,ShubhaLoveUAll
OfficialPJ14,U2Guide
IrlaneAndre,VeronicaTafoy20
lolas_waterwell,acolivas
wine_goblin,coachsmith352
LaurenHunter201,eboduch
KendxllSNG,flipmock
jhughes_8,mrshakeysmooth
ShabdaGyawali,mrudulamermaid
natsumi_fern,realbluedoor
IraisVergaraSo3,rrcccCES
lavish2302,sandracef2602
bmcfadded,IsaacMalaks
JeffersonBennie,Keats137
__JeffChang,KingingKingz
nurqiamianis,LelouchDValen
eujaevivas,Letty69033728
delaneygwesig,Linovbajenting1
Sharovatik,MichaelRFerrari
killgncd,Mthrfenjones
atulxshfri,StreetRelays
waitforaliens,brianvendramin
AWAKESEOKJlN,chieftainbbalok
bremoonprincess,ese_jaimeee
MisssYumiko,kthomas2032
annalise_webb,luisduque18
bianhsj,popiaktergg11
mishelstarr,pulengmotaung88
JGCii,raghuwanshi20
cachelrumbo,Anna_Shetty_
_ALISONORTIZ_,DirtyRemix
MagnarHu,EpsomCricket
taylorakre,ExpeditionWise
ShaughnMcArthur,JacquelineSefo7
CanttGuard3,JamieFunnell86
FTBAlwaysaware,JoyJay01
Stewgc64,KeylaMarquis
terrycruss,Krnl75
Gambino21H8,LeonaAWalsh
leexilovesyou,Liane_Rhodes
kymbeolli,MarksMasterKey
macker99,MayMunich
18Larrie,MiracleMileHD
BlakeKamea,MoiseDoane4
dlemke26,MoussetWendy
3dxts_by_m3,MrCampos71
Spaldingrob,OnlineConestoga
abdelrahman319,SheilaTyus
fletch_t35,ShopperThink1
SamBarbee1,SkinnyLowDown
realwrestlingau,Stacy4u29
Shadowhunt2017,Sudhakarszz
MJD1953,TonSel_MoRt
Boo_Do_Hazz28,VeenitaBhajan
kbdonnally,WillPoole17
Tayluhh_Mariee,ZachFootball247
cvpiik,_kemalaktay
VictoriaMarinaa,abzeigler
Sblaz3,alberto_perez30
abolistik34,berndog777
Imperial_Olord,braidtheladder
heidi_horner_,brainy_indian
larryas89,cryptomaymay
ms_amrit,curtisegipson
TheLeadersHeart,didge85
_ashleyttran,domehinrikuse
sumitdezignme,eecastr0
allmantodd,gizella_ureta
KieraMolloy1,guddusaying
Meganrosswv,hasimam66422022
caitlynnleahh,ipridey11
that1paisa,iteachguns305
AmnaAsad19,kellynngatto
da_danp,laareenaa
MarbellaUnicorn,mario_mesa2
suz4314,maverrikkk
RycePark,nacy_sosa335
ChimChi35933477,paoloestrella__
Bellajean05,priceandvalue
_heyitsmaddy,LaraKWellness
