,Screen Name
0,sbwTweet
1,Allisonlmoore
2,kristib_t
3,omoawo_
4,KelphelpOG
5,SpectorFaustus
6,modelsehun94
7,dkaminsky
8,hashvision
9,MillerJay15
10,justlovemyjulia
11,spalakovich21
12,lorrain80405639
13,anshtiwari3002
14,cpurrge
15,AnheloRen_MY
16,modernwifelife3
17,Suge_Avery87
18,Manda_96_
19,sarahwinglamau
20,ahumedube
21,josemercado2124
22,GJSantaAnaTweet
23,Juan_C_Quijano
24,Mmmagen_
25,sugaryvvibes
26,mew_genics
27,NoidStreet
28,adamesgraphics
29,StevePuiszis
30,N_O_stars_twt
31,parasaMAYWARD
32,Angel45672Angel
33,TheYelitsa
34,molly500
35,jbunnnyy
36,JenaMilaanii
37,AlexLesha3
38,spacekitten91
39,andremartins_br
40,MartaIsela
41,KatieYoung14
42,ReplaceTheHate
43,itskelsibyrd
44,ProchniakMark
45,VicAvon
46,FieryJewels
47,teylorthomas
48,gedoho
49,neidamacri
50,nrfarhnah
51,ptboat67
52,mvndust
53,derek_cyy
54,DanjoClaridad_
55,harrington_tp
56,rurooster
57,Azxrachin
58,CliffYuen
59,ARMYCLOCK_11AM
60,DamagedJade
61,Iam_whizprince
62,GLX_BAM97
63,NQm5rSUx2hKJQhP
64,Spendant
65,jeff_aube
66,electachristine
67,nyou1016
68,louisvdv22
69,AndreaRelator
70,LittleMoonster7
71,SpeakingSavvy
72,MarleneAcorda
73,desikristiani
74,lunacrepas2
75,rleksoseh
76,lesceledon23
77,kabunga_ibrahim
78,_haylie_c
79,nancyaverett
80,FisherRobin
81,_jybree
82,suofthecru
83,TurntJesus666
84,CarolHoranlm
85,PuneetG_21
86,IzzyxDev
87,ayeitzsyanne_
88,raywebb89
89,DeandaMarysa
90,seanbraswell
91,amola_2010
92,SWI7CH_OFF
93,martinez9920
94,glennonart
95,hvshah007
96,FRC6171
97,kendalf_stone
98,Vixen_N_Vegas
99,ekkah_n
100,glamtvsw
101,Sunny_Boy_75
102,sun_head_JDC
103,SouthbayTa2
104,blacknaruto12lo
105,cremebrulily
106,cdhort
107,MobileMollie
108,elleiraaa
109,sadboyfernis
110,ShakourGh
111,TheoJTimmermans
112,YlangYlan88
113,RawaanEssam
114,marla_arce
115,nyna_berger
116,KellyAKissel
117,ssupjh
118,kylee_kinckner
119,qadianimuslim
120,CMiner_SMH
121,toribihhh
122,rogelior_
123,yummynmytummi
124,5280StreetDogs
125,AmericanNimrod
126,Cacareidvernold
127,CindyDee29
128,carmen_lynnn
129,livimesnard
130,emily__darlene
131,frioDora
132,Cuumfy
133,Galloots
134,atljrose
135,t_jedrick
136,AttaBoyJosh96
137,idkimani
138,D0MP1ECE10
139,engineerios
140,Yo_boy_twiss
141,gracedelv
142,NyxTheGlowFur
143,AngelicaBrooke3
144,taylapimentel
145,Kaitlyn_B162
146,BiancaFlores18
147,jasminsamz24
148,CliffGraydonMLA
149,jiminienugget
150,peachlizzy
151,fannnnyluu
152,CatHowatson1
153,manabananaaaa
154,yayooksungjae
155,YalissaCortes
156,tttori9
157,vanillarice09
158,CorreiaDirk
159,AdrianGuadian
160,hary_arya_23
161,fabjulieeee
162,G37xSB
163,misssally2018
164,jimjimhard
165,LTFiction
166,Suj1t
167,OfficialNTRL
168,hutselllearn
169,AdamMarengo
170,AndyPearceM8
171,amxmday
172,__kalypso
173,_prissmendoza
174,DynxmiteDolans
175,Alirezahedayat8
176,BrennenTaylr
177,Claudia_Brown
178,muhumed_issack
179,austin_hogan11
180,GlnnAnglo
181,stephanyjpeg
182,silver120475
183,DamasHerve
184,ganesh9638
185,only1tonid
186,Spaneele
187,edson_bessa
188,FRAHEADofLS
189,AKober
190,mcangem1
191,Jacket_Hoops
192,cMvSEYejcFAWFgR
193,oneluxurybrand
194,GregToivonen
195,netthreat
196,ClassyCapshaw
197,_Imnyn
198,ruben0dario0
199,bethj423
200,TopNotchWichita
201,RustyShackleman
202,currents_
203,JustoJennifer
204,_Macallie
205,markoholjevac
206,MoYemee_
207,Marilyn50657785
208,amelieow
209,kiwimarcel
210,ItsariiiArianna
211,millennium_crow
212,XMAOiCT
213,aliyaYgBisu
214,Joecar1956
215,aemanjamel
216,arminkuntz
217,Jennifer_Manley
218,sphoorti19
219,hoff_brynn
220,cree_katherine
221,LaylaSuhail
222,sbuchika
223,adrian5point3
224,WoebringerZero
225,creeperintruder
226,NicoleWeeden
227,iamnathan00
228,AbbyCuller
229,bawstin13
230,RosemaryManners
231,yghjess
232,DianaEPuma
233,Gonzalez_ale99
234,corrinepenni
235,gemidzija_aliex
236,ExoticBruh
237,Lewd_Akamatsu
238,FalafelRapper
239,janesilvano2
240,En_V_P
241,excitablenugget
242,Karen_Vargass23
243,1cWNXtDFUEMZnrk
244,xoxo_camille
245,RoseSchacherer
246,corneahusker
247,Anygirl99
248,kcdigs7
249,KaptainKreep3r
250,Collinsbrandon2
251,mbrentharrison
252,MeetTheRebels
253,CancerManReborn
254,pamita2104
255,ClkHighBaseball
256,BrOOkiElyNnWin
257,hishealingpower
258,thirddaysoaps
259,TheReal_Bertha
260,_terpsich0re
261,CoachMillerMPLS
262,YummiSushiSA
263,im_veejuu
264,_athe8
265,AlluraGaris
266,sujuskangin
267,katrinamystery
268,daniel_frank16
269,WishmakerNL
270,_kassigraves
271,__TheSoulEater
272,anthro_andrew
273,Jay00005986
274,VRonjp
275,cloudysrevenge
276,TranslucentKami
277,TelegramBerja
278,edmmobi
279,InsaneForPc
280,relaxfordinner
281,sappnasty
282,MargaritaBinnii
283,marriammkhan
284,lunamlind
285,gkngc04
286,vinayakvkamat
287,lulinkous
288,willie_osu
289,megsyaws34
290,bts_stt_0613_
291,littlelyndseyy
292,zjmslegend_x
293,vintagemara
294,CandysFuertes
295,marilenmonte
296,pantone_black
297,a_caples
298,megandrefko
299,Ugniarahma
300,Lulu_katee
301,19_petrova
302,sqxrs
303,mattfromnl
304,aveeugh
305,mujer_rincon
306,czgarette
307,BRIDGEschools
308,Lucia34276209
309,dhbsa_
310,BoomerXer61
311,nikkothumbsup
312,neo_higechan
313,chassyy_
314,JessicaDorothyK
315,TodaysMoustache
316,brinakarpenter
317,dockrayhall
318,kxheart
319,rheannaestrada
320,lovelivingmylyf
321,jpm_at_fapn
322,mayadwiantis92
323,steffml_
324,420degrswstn
325,Saburgs
326,Lulu_TwitchTv
327,Got7eventeen
328,ansuman90
329,northroadcreate
330,Magicwolfman
331,lmorris1908
332,hhayilaaa
333,jimcason
334,empress3904
335,JurneyKozlowski
336,BallingerCarrie
337,sawpjennifer
338,sharang_
339,neon_navi
340,vonnegot
341,The_TacoBradley
342,PlanetEarthGeol
343,meteolr
344,thegatekeeper8u
345,san_dunes
346,JennXPhile
347,DrPep24
348,fr_ngirard
349,PanchoL79122929
350,flowerme1721
351,mylesbecker
352,letmebeyourstar
353,CherokeeAbbey
354,smallcapwatch
355,Tochnwakz28
356,HAPPYJIMlN
357,krupafish
358,KadKhamp
359,Fierro__Adrian
360,colingorrie
361,MattRossAtRoss
362,miriamtludwig
363,TheSamMoussa
364,blushpjmns
365,Ronysview
366,TheresaGrace16
367,emmasee_
368,Gueraa__xo
369,RumiaL18
370,jaazzy510
371,kristianarule
372,itsem_ily94
373,sapphic_
374,jackrlake
375,ShareABasketFou
376,Pretselresel
377,mab_twt
378,__Barrera__
379,Jbeebiochemist
380,goalskii
381,GiftOfAntonio
382,Gbridget_
383,samuellsson6
384,checcakeyes
385,sbm_support
386,bluesnow008894
387,BracedLife
388,66nmotion
389,CoachChait
390,salahzehamri
391,Romero117
392,rjbrewer05
393,hanedafz
394,tolstoyreader
395,UOENO_KERNS
396,bekarbk
397,moose4774
398,coffeyyyyy
399,Zachary33223019
400,yvvduaarte
401,Mennaelzohairy_
402,HeyChelseaTroy
403,justrough33
404,estrellaibccsc1
405,DaisyVelarde3
406,brooker_steph
407,uniqueANGELIN
408,EpicTakeDubs
409,JasroopM
410,HGI4CY
411,mksharma4269
412,raissafrd
413,sivadasn
414,leap404
415,broaddayjay___
416,Frxnchx_Park95
417,Jenyshadow9386
418,kingdanieeel
419,Baby71cakes
420,SafwanYP
421,OfficialPJ14
422,IrlaneAndre
423,lolas_waterwell
424,wine_goblin
425,LaurenHunter201
426,KendxllSNG
427,jhughes_8
428,ShabdaGyawali
429,natsumi_fern
430,IraisVergaraSo3
431,lavish2302
432,bmcfadded
433,JeffersonBennie
434,__JeffChang
435,nurqiamianis
436,eujaevivas
437,delaneygwesig
438,Sharovatik
439,killgncd
440,atulxshfri
441,waitforaliens
442,AWAKESEOKJlN
443,bremoonprincess
444,MisssYumiko
445,annalise_webb
446,bianhsj
447,mishelstarr
448,JGCii
449,cachelrumbo
450,_ALISONORTIZ_
451,MagnarHu
452,taylorakre
453,ShaughnMcArthur
454,CanttGuard3
455,FTBAlwaysaware
456,Stewgc64
457,terrycruss
458,Gambino21H8
459,leexilovesyou
460,kymbeolli
461,macker99
462,18Larrie
463,BlakeKamea
464,dlemke26
465,3dxts_by_m3
466,Spaldingrob
467,abdelrahman319
468,fletch_t35
469,SamBarbee1
470,realwrestlingau
471,Shadowhunt2017
472,MJD1953
473,Boo_Do_Hazz28
474,kbdonnally
475,Tayluhh_Mariee
476,cvpiik
477,VictoriaMarinaa
478,Sblaz3
479,abolistik34
480,Imperial_Olord
481,heidi_horner_
482,larryas89
483,ms_amrit
484,TheLeadersHeart
485,_ashleyttran
486,sumitdezignme
487,allmantodd
488,KieraMolloy1
489,Meganrosswv
490,caitlynnleahh
491,that1paisa
492,AmnaAsad19
493,da_danp
494,MarbellaUnicorn
495,suz4314
496,RycePark
497,ChimChi35933477
498,Bellajean05
499,_heyitsmaddy
500,Sharlencastill3
501,AcrophobicPixie
502,lovetempestt
503,Trumpefeller
504,Rogelio_dabomb
505,futrell_teddy
506,angelo923711
507,Taniya76181682
508,bumbl3blue
509,neo_prussian
510,Omuricesu
511,goldenkookkbts
512,_alexajeonkim
513,literallyche
514,cnicole52
515,EorzeanIdols
516,schlebaby7
517,shealynkirkman
518,wavy_senpai
519,kimchinam58
520,STEVAAAAN
521,brendatran101
522,Thaizsolis
523,antheia26
524,_kristenmullen
525,EssenceDolan
526,God_Save_The_US
527,therealdayanara
528,nicolenmckeon
529,yunhkaq
530,blvckrichter
531,sacredandis
532,kristenbewhite
533,demisree
534,BPSRecovery
535,goldenjkselena
536,broncolee70
537,electronutLabs
538,egitu0527
539,ygdopey
540,OwenFxtrader
541,liftAsail4YC47
542,chloes0214
